-- Portfolio seed data (generated by scripts/generate-seed.mjs)
begin;

-- Clear existing content (dev / re-seed)
delete from public.project_media;
delete from public.projects;
delete from public.testimonials;
delete from public.home_slides;
delete from public.career_timeline_entries;
delete from public.skills;
delete from public.about_bio_paragraphs;

insert into public.testimonials (id, quote, author, role, sort_order, is_published) values ('00000000-0000-4000-8000-000000000001', 'Exceptional attention to detail and creative vision. The project exceeded our expectations and brought our brand to life in ways we never imagined.', 'Jane Doe', 'Brand Director', 0, true);
insert into public.testimonials (id, quote, author, role, sort_order, is_published) values ('00000000-0000-4000-8000-000000000002', 'Professional, responsive, and incredibly talented. The final deliverables were not just beautiful but strategically aligned with our goals.', 'Michael Smith', 'Creative Lead', 1, true);
insert into public.testimonials (id, quote, author, role, sort_order, is_published) values ('00000000-0000-4000-8000-000000000003', 'Working with this team was a game-changer. Their innovative approach and dedication to quality made all the difference in our campaign''s success.', 'Alexandra Williams', 'Marketing Head', 2, true);

insert into public.home_slides (src, alt_text, sort_order, is_published) values ('/images/slider/_DSF2248.jpg', 'Slide 1', 0, true);
insert into public.home_slides (src, alt_text, sort_order, is_published) values ('/images/slider/DSCF6665.jpg', 'Slide 2', 1, true);
insert into public.home_slides (src, alt_text, sort_order, is_published) values ('/images/slider/3d model 03.png', 'Slide 3', 2, true);
insert into public.home_slides (src, alt_text, sort_order, is_published) values ('/images/slider/3d model. 01.jpg', 'Slide 4', 3, true);
insert into public.home_slides (src, alt_text, sort_order, is_published) values ('/images/slider/Christa Valley_Page_05.jpg', 'Slide 5', 4, true);

insert into public.skills (label, sort_order, is_published) values ('Photography & Videography', 0, true);
insert into public.skills (label, sort_order, is_published) values ('Graphic Design & Illustration', 1, true);
insert into public.skills (label, sort_order, is_published) values ('Animation & Motion Graphics', 2, true);
insert into public.skills (label, sort_order, is_published) values ('Web Design', 3, true);
insert into public.skills (label, sort_order, is_published) values ('Drone Operation', 4, true);
insert into public.skills (label, sort_order, is_published) values ('Social Media Management', 5, true);
insert into public.skills (label, sort_order, is_published) values ('Lighting & Camera Setup', 6, true);

insert into public.about_bio_paragraphs (body, sort_order, is_published) values ('Creative and detail-oriented Video and Motion Graphics and graphic designer with 5+ years of experience in video production, graphic design, and event photography.', 0, true);
insert into public.about_bio_paragraphs (body, sort_order, is_published) values ('Proficient in Adobe Creative Suite, Blender 3D, and drone operation. Adept at managing social media platforms, creating compelling visual content, and delivering high-quality projects. Skilled in event video and photography, 3D modeling, and branding design.', 1, true);
insert into public.about_bio_paragraphs (body, sort_order, is_published) values ('Passionate about storytelling through visuals and driving engagement through innovative designs', 2, true);

insert into public.career_timeline_entries (position, left_offset, period, title, detail, sort_order, is_published) values ('top', '4.7%', '2008 – 2012', 'LABONE SENIOR HIGH SCHOOL', 'WASSCE Certificate', 0, true);
insert into public.career_timeline_entries (position, left_offset, period, title, detail, sort_order, is_published) values ('bottom', '17.2%', '2011', 'PRECIOUS METAL MARKETING COMPANY (PMMC),', 'Attachment', 1, true);
insert into public.career_timeline_entries (position, left_offset, period, title, detail, sort_order, is_published) values ('top', '29.7%', '2016 – 2020', 'RADFORD UNIVERSITY COLLEGE', 'BSc Graphic Design', 2, true);
insert into public.career_timeline_entries (position, left_offset, period, title, detail, sort_order, is_published) values ('bottom', '42.2%', '2018', 'PSYPERTXT/ AKATUAPA LIMITED', 'Intern Illustrator', 3, true);
insert into public.career_timeline_entries (position, left_offset, period, title, detail, sort_order, is_published) values ('top', '54.7%', '2019', 'PARABLES ANIMATION STUDIOS', 'Intern Illustrator/Animator', 4, true);
insert into public.career_timeline_entries (position, left_offset, period, title, detail, sort_order, is_published) values ('bottom', '67.2%', '2019 – 2021', 'VOME STUDIOS', 'Videographer, Photographer, and Illustrator', 5, true);
insert into public.career_timeline_entries (position, left_offset, period, title, detail, sort_order, is_published) values ('top', '79.7%', '2021 – Present', 'FREELANCE DESIGNER AND CONTENT CREATOR', 'Leading creative projects and building meaningful brands', 6, true);
insert into public.career_timeline_entries (position, left_offset, period, title, detail, sort_order, is_published) values ('bottom', '92.2%', '2024 – 2025', 'THEOVISION INTERNATIONAL', 'Video and Motion Graphics Technician', 7, true);

insert into public.projects (id, title, subtitle, tag_left, tag_right, cover_src, cover_alt, media_type, sort_order, is_published) values ('prj01', 'Christa Valley International', 'Identity · Branding · Design', 'Digital', 'Brand System', '/images/Prj01/cover.jpg', 'Christa Valley International', 'image', 0, true);
insert into public.project_media (project_id, src, item_type, sort_order) values ('prj01', '/images/Prj01/Christa Valley_Page_01.jpg', 'image', 0);
insert into public.project_media (project_id, src, item_type, sort_order) values ('prj01', '/images/Prj01/Christa Valley_Page_05.jpg', 'image', 1);
insert into public.project_media (project_id, src, item_type, sort_order) values ('prj01', '/images/Prj01/Christa Valley_Page_06.jpg', 'image', 2);
insert into public.project_media (project_id, src, item_type, sort_order) values ('prj01', '/images/Prj01/Christa Valley_Page_07.jpg', 'image', 3);
insert into public.project_media (project_id, src, item_type, sort_order) values ('prj01', '/images/Prj01/Christa Valley_Page_08.jpg', 'image', 4);
insert into public.project_media (project_id, src, item_type, sort_order) values ('prj01', '/images/Prj01/Christa Valley_Page_09.jpg', 'image', 5);
insert into public.project_media (project_id, src, item_type, sort_order) values ('prj01', '/images/Prj01/Christa Valley_Page_11.jpg', 'image', 6);
insert into public.project_media (project_id, src, item_type, sort_order) values ('prj01', '/images/Prj01/Christa Valley_Page_12.jpg', 'image', 7);
insert into public.project_media (project_id, src, item_type, sort_order) values ('prj01', '/images/Prj01/Christa Valley_Page_13.jpg', 'image', 8);

insert into public.projects (id, title, subtitle, tag_left, tag_right, cover_src, cover_alt, media_type, sort_order, is_published) values ('prj02', 'Glory Theatre Productions', 'Identity · Branding · Design', 'Digital', 'Brand System', '/images/Prj02/cover.jpg', 'Glory Theatre Productions', 'image', 1, true);
insert into public.project_media (project_id, src, item_type, sort_order) values ('prj02', '/images/Prj02/Theatre Logo.jpg', 'image', 0);
insert into public.project_media (project_id, src, item_type, sort_order) values ('prj02', '/images/Prj02/Artboard 1.jpg', 'image', 1);
insert into public.project_media (project_id, src, item_type, sort_order) values ('prj02', '/images/Prj02/CCW Thank You.jpg', 'image', 2);
insert into public.project_media (project_id, src, item_type, sort_order) values ('prj02', '/images/Prj02/CCW TY.jpg', 'image', 3);
insert into public.project_media (project_id, src, item_type, sort_order) values ('prj02', '/images/Prj02/pst Stanley.jpg', 'image', 4);
insert into public.project_media (project_id, src, item_type, sort_order) values ('prj02', '/images/Prj02/prod thank you.jpg', 'image', 5);
insert into public.project_media (project_id, src, item_type, sort_order) values ('prj02', '/images/Prj02/OC 25.jpg', 'image', 6);
insert into public.project_media (project_id, src, item_type, sort_order) values ('prj02', '/images/Prj02/oc nu.jpg', 'image', 7);
insert into public.project_media (project_id, src, item_type, sort_order) values ('prj02', '/images/Prj02/IMG_9967.jpg', 'image', 8);
insert into public.project_media (project_id, src, item_type, sort_order) values ('prj02', '/images/Prj02/IMG_9961.jpg', 'image', 9);
insert into public.project_media (project_id, src, item_type, sort_order) values ('prj02', '/images/Prj02/IMG_0164.jpg', 'image', 10);
insert into public.project_media (project_id, src, item_type, sort_order) values ('prj02', '/images/Prj02/IMG_0025.jpg', 'image', 11);
insert into public.project_media (project_id, src, item_type, sort_order) values ('prj02', '/images/Prj02/IMG_0030.jpg', 'image', 12);
insert into public.project_media (project_id, src, item_type, sort_order) values ('prj02', '/images/Prj02/IMG_0035.jpg', 'image', 13);
insert into public.project_media (project_id, src, item_type, sort_order) values ('prj02', '/images/Prj02/IMG_0068.jpg', 'image', 14);
insert into public.project_media (project_id, src, item_type, sort_order) values ('prj02', '/images/Prj02/IMG_0088.jpg', 'image', 15);
insert into public.project_media (project_id, src, item_type, sort_order) values ('prj02', '/images/Prj02/IMG_0121.jpg', 'image', 16);
insert into public.project_media (project_id, src, item_type, sort_order) values ('prj02', '/images/Prj02/313A9441.jpg', 'image', 17);
insert into public.project_media (project_id, src, item_type, sort_order) values ('prj02', '/images/Prj02/313A9124.jpg', 'image', 18);
insert into public.project_media (project_id, src, item_type, sort_order) values ('prj02', '/images/Prj02/Theatre rehearsal.jpg', 'image', 19);

insert into public.projects (id, title, subtitle, tag_left, tag_right, cover_src, cover_alt, media_type, sort_order, is_published) values ('prj03', 'Book Cover Design', 'Editorial · Publication · Design', 'Print', 'Cover Design', '/images/Prj03/golden nugget 2.jpg', 'Book Cover Design', 'image', 2, true);
insert into public.project_media (project_id, src, item_type, sort_order) values ('prj03', '/images/Prj03/Golden Nuggets cover front.jpg', 'image', 0);
insert into public.project_media (project_id, src, item_type, sort_order) values ('prj03', '/images/Prj03/Golden Nuggets cover back.jpg', 'image', 1);
insert into public.project_media (project_id, src, item_type, sort_order) values ('prj03', '/images/Prj03/golden nugget.jpg', 'image', 2);
insert into public.project_media (project_id, src, item_type, sort_order) values ('prj03', '/images/Prj03/golden nugget 2.jpg', 'image', 3);

insert into public.projects (id, title, subtitle, tag_left, tag_right, cover_src, cover_alt, media_type, sort_order, is_published) values ('prj04', 'Trek Brand', 'Identity · Design · Social Media', 'Digital', 'Brand System', '/images/Prj04/cover.png', 'Trek Brand', 'image', 3, true);
insert into public.project_media (project_id, src, item_type, sort_order) values ('prj04', '/images/Prj04/cover.jpg', 'image', 0);
insert into public.project_media (project_id, src, item_type, sort_order) values ('prj04', '/images/Prj04/social media.jpg', 'image', 1);
insert into public.project_media (project_id, src, item_type, sort_order) values ('prj04', '/images/Prj04/social media 3.jpg', 'image', 2);
insert into public.project_media (project_id, src, item_type, sort_order) values ('prj04', '/images/Prj04/social media 2.jpg', 'image', 3);
insert into public.project_media (project_id, src, item_type, sort_order) values ('prj04', '/images/Prj04/Trek Main Flyer 02.jpg', 'image', 4);
insert into public.project_media (project_id, src, item_type, sort_order) values ('prj04', '/images/Prj04/trek pics.jpg', 'image', 5);

insert into public.projects (id, title, subtitle, tag_left, tag_right, cover_src, cover_alt, media_type, sort_order, is_published) values ('prj05', 'Glorious Voices', 'Identity · Design · Social Media', 'Digital', 'Brand System', '/images/Prj05/Untitled-1.jpg', 'Glorious Voices', 'image', 4, true);
insert into public.project_media (project_id, src, item_type, sort_order) values ('prj05', '/images/Prj05/iWorship 24 ii.jpg', 'image', 0);
insert into public.project_media (project_id, src, item_type, sort_order) values ('prj05', '/images/Prj05/fb cover.jpg', 'image', 1);
insert into public.project_media (project_id, src, item_type, sort_order) values ('prj05', '/images/Prj05/worship night.jpg', 'image', 2);
insert into public.project_media (project_id, src, item_type, sort_order) values ('prj05', '/images/Prj05/tshirt 2 front with logo.jpg', 'image', 3);
insert into public.project_media (project_id, src, item_type, sort_order) values ('prj05', '/images/Prj05/tshirt 2 back.jpg', 'image', 4);

insert into public.projects (id, title, subtitle, tag_left, tag_right, cover_src, cover_alt, media_type, sort_order, is_published) values ('prj06', '3D Renderings', 'Blender 3d · Design · Animation', 'Digital', 'Modeling', '/images/Prj06/Cover.jpg', '3D Renderings', 'image', 5, true);
insert into public.project_media (project_id, src, item_type, sort_order) values ('prj06', '/images/Prj06/shop 03.jpg', 'image', 0);
insert into public.project_media (project_id, src, item_type, sort_order) values ('prj06', '/images/Prj06/shop inside.jpg', 'image', 1);
insert into public.project_media (project_id, src, item_type, sort_order) values ('prj06', '/images/Prj06/fuel 8.jpg', 'image', 2);
insert into public.project_media (project_id, src, item_type, sort_order) values ('prj06', '/images/Prj06/stage 6.jpg', 'image', 3);
insert into public.project_media (project_id, src, item_type, sort_order) values ('prj06', '/images/Prj06/weights 02.jpg', 'image', 4);
insert into public.project_media (project_id, src, item_type, sort_order) values ('prj06', '/images/Prj06/oc.jpg', 'image', 5);
insert into public.project_media (project_id, src, item_type, sort_order) values ('prj06', '/images/Prj06/ocii.jpg', 'image', 6);
insert into public.project_media (project_id, src, item_type, sort_order) values ('prj06', '/images/Prj06/open.png', 'image', 7);

insert into public.projects (id, title, subtitle, tag_left, tag_right, cover_src, cover_alt, media_type, sort_order, is_published) values ('prj07', 'Revv''d Up', 'Identity · Design · Social Media', 'Digital', 'Brand System', '/images/Prj07/revvd up_Page_3.jpg', 'Revvd Up', 'image', 6, true);
insert into public.project_media (project_id, src, item_type, sort_order) values ('prj07', '/images/Prj07/revvd up_Page_1.jpg', 'image', 0);
insert into public.project_media (project_id, src, item_type, sort_order) values ('prj07', '/images/Prj07/revvd up_Page_2.jpg', 'image', 1);
insert into public.project_media (project_id, src, item_type, sort_order) values ('prj07', '/images/Prj07/revvd up_Page_3.jpg', 'image', 2);
insert into public.project_media (project_id, src, item_type, sort_order) values ('prj07', '/images/Prj07/revvd up 02.jpg', 'image', 3);
insert into public.project_media (project_id, src, item_type, sort_order) values ('prj07', '/images/Prj07/revvd up 03.jpg', 'image', 4);

insert into public.projects (id, title, subtitle, tag_left, tag_right, cover_src, cover_alt, media_type, sort_order, is_published) values ('prj08', 'PSS Urbania - Company Profile Photography', 'Photography · Editorial · Corporate', 'Digital', 'Brand System', '/images/Prj08/cover.jpg', 'PSS Urbania - Company Profile Photography', 'image', 7, true);
insert into public.project_media (project_id, src, item_type, sort_order) values ('prj08', '/images/Prj08/PSS Urbania HeadShots 01.jpg', 'image', 0);
insert into public.project_media (project_id, src, item_type, sort_order) values ('prj08', '/images/Prj08/PSS Urbania HeadShots 02.jpg', 'image', 1);
insert into public.project_media (project_id, src, item_type, sort_order) values ('prj08', '/images/Prj08/PSS Urbania HeadShots 03.jpg', 'image', 2);
insert into public.project_media (project_id, src, item_type, sort_order) values ('prj08', '/images/Prj08/PSS Urbania HeadShots 04.jpg', 'image', 3);
insert into public.project_media (project_id, src, item_type, sort_order) values ('prj08', '/images/Prj08/PSS Urbania HeadShots 05.jpg', 'image', 4);
insert into public.project_media (project_id, src, item_type, sort_order) values ('prj08', '/images/Prj08/PSS Urbania HeadShots 06.jpg', 'image', 5);

insert into public.projects (id, title, subtitle, tag_left, tag_right, cover_src, cover_alt, media_type, sort_order, is_published) values ('prj09', 'Mo Awudu - Spray Painting Kudus', 'Photography · Editorial · Documentary', 'Photography', 'Street', '/images/Prj09/cover.jpg', 'Mo Awudu - Spray Painting Kudus', 'image', 8, true);
insert into public.project_media (project_id, src, item_type, sort_order) values ('prj09', '/images/Prj09/_DSF2862.jpg', 'image', 0);
insert into public.project_media (project_id, src, item_type, sort_order) values ('prj09', '/images/Prj09/_DSF2876.jpg', 'image', 1);
insert into public.project_media (project_id, src, item_type, sort_order) values ('prj09', '/images/Prj09/_DSF2890.jpg', 'image', 2);
insert into public.project_media (project_id, src, item_type, sort_order) values ('prj09', '/images/Prj09/_DSF2896.jpg', 'image', 3);
insert into public.project_media (project_id, src, item_type, sort_order) values ('prj09', '/images/Prj09/_DSF2897.jpg', 'image', 4);
insert into public.project_media (project_id, src, item_type, sort_order) values ('prj09', '/images/Prj09/_DSF2944.jpg', 'image', 5);
insert into public.project_media (project_id, src, item_type, sort_order) values ('prj09', '/images/Prj09/_DSF2956.jpg', 'image', 6);
insert into public.project_media (project_id, src, item_type, sort_order) values ('prj09', '/images/Prj09/_DSF2958.jpg', 'image', 7);
insert into public.project_media (project_id, src, item_type, sort_order) values ('prj09', '/images/Prj09/_DSF2973.jpg', 'image', 8);
insert into public.project_media (project_id, src, item_type, sort_order) values ('prj09', '/images/Prj09/_DSF2985.jpg', 'image', 9);

insert into public.projects (id, title, subtitle, tag_left, tag_right, cover_src, cover_alt, media_type, sort_order, is_published) values ('prj10', 'Borehole Drilling - Pakro Nsawon', 'Photography · Editorial · Documentary', 'Photography', 'Documentary', '/images/Prj10/cover.jpg', 'Borehole Drilling - Pakro Nsawon', 'image', 9, true);
insert into public.project_media (project_id, src, item_type, sort_order) values ('prj10', '/images/Prj10/_DSF2197.jpg', 'image', 0);
insert into public.project_media (project_id, src, item_type, sort_order) values ('prj10', '/images/Prj10/_DSF2218.jpg', 'image', 1);
insert into public.project_media (project_id, src, item_type, sort_order) values ('prj10', '/images/Prj10/_DSF2284.jpg', 'image', 2);
insert into public.project_media (project_id, src, item_type, sort_order) values ('prj10', '/images/Prj10/_DSF2288.jpg', 'image', 3);
insert into public.project_media (project_id, src, item_type, sort_order) values ('prj10', '/images/Prj10/_DSF2290.jpg', 'image', 4);
insert into public.project_media (project_id, src, item_type, sort_order) values ('prj10', '/images/Prj10/_DSF2514.jpg', 'image', 5);
insert into public.project_media (project_id, src, item_type, sort_order) values ('prj10', '/images/Prj10/_DSF2533.jpg', 'image', 6);
insert into public.project_media (project_id, src, item_type, sort_order) values ('prj10', '/images/Prj10/_DSF2558.jpg', 'image', 7);
insert into public.project_media (project_id, src, item_type, sort_order) values ('prj10', '/images/Prj10/_DSF2596.jpg', 'image', 8);

insert into public.projects (id, title, subtitle, tag_left, tag_right, cover_src, cover_alt, media_type, sort_order, is_published) values ('prj11', 'Poster & Flyer Designs', 'Design · Social Media', 'Digital', 'Marketing', '/images/Prj11/cover.jpg', 'Poster & Flyer Designs', 'image', 10, true);
insert into public.project_media (project_id, src, item_type, sort_order) values ('prj11', '/images/Prj11/Youth Camp 00.jpg', 'image', 0);
insert into public.project_media (project_id, src, item_type, sort_order) values ('prj11', '/images/Prj11/moody graduation si.jpg', 'image', 1);
insert into public.project_media (project_id, src, item_type, sort_order) values ('prj11', '/images/Prj11/dotstory.jpg', 'image', 2);
insert into public.project_media (project_id, src, item_type, sort_order) values ('prj11', '/images/Prj11/masthhead.jpg', 'image', 3);
insert into public.project_media (project_id, src, item_type, sort_order) values ('prj11', '/images/Prj11/Artboard 1.jpg', 'image', 4);
insert into public.project_media (project_id, src, item_type, sort_order) values ('prj11', '/images/Prj11/GT cover 0.jpg', 'image', 5);
insert into public.project_media (project_id, src, item_type, sort_order) values ('prj11', '/images/Prj11/diet & diet 01.jpg', 'image', 6);
insert into public.project_media (project_id, src, item_type, sort_order) values ('prj11', '/images/Prj11/diet & diet 02.jpg', 'image', 7);
insert into public.project_media (project_id, src, item_type, sort_order) values ('prj11', '/images/Prj11/04. Missionettes April 2022.jpg', 'image', 8);
insert into public.project_media (project_id, src, item_type, sort_order) values ('prj11', '/images/Prj11/altered ego podcast.jpg', 'image', 9);
insert into public.project_media (project_id, src, item_type, sort_order) values ('prj11', '/images/Prj11/pp.jpg', 'image', 10);
insert into public.project_media (project_id, src, item_type, sort_order) values ('prj11', '/images/Prj11/VOTE PRECIOUS.jpg', 'image', 11);
insert into public.project_media (project_id, src, item_type, sort_order) values ('prj11', '/images/Prj11/Fundraising-1.jpg', 'image', 12);

insert into public.projects (id, title, subtitle, tag_left, tag_right, cover_src, cover_alt, media_type, sort_order, is_published) values ('prj12', 'Photography Gallery', 'Photography · Documentary', 'Photography', 'Mixed', '/images/Prj12/cover.jpg', 'Photography Gallery', 'image', 11, true);
insert into public.project_media (project_id, src, item_type, sort_order) values ('prj12', '/images/Prj12/DSCF0510.jpg', 'image', 0);
insert into public.project_media (project_id, src, item_type, sort_order) values ('prj12', '/images/Prj12/DSCF0534.jpg', 'image', 1);
insert into public.project_media (project_id, src, item_type, sort_order) values ('prj12', '/images/Prj12/DSCF0715.jpg', 'image', 2);
insert into public.project_media (project_id, src, item_type, sort_order) values ('prj12', '/images/Prj12/DSCF0747.jpg', 'image', 3);
insert into public.project_media (project_id, src, item_type, sort_order) values ('prj12', '/images/Prj12/DSCF2927-Edit.jpg', 'image', 4);
insert into public.project_media (project_id, src, item_type, sort_order) values ('prj12', '/images/Prj12/DSCF2929-Edit.jpg', 'image', 5);
insert into public.project_media (project_id, src, item_type, sort_order) values ('prj12', '/images/Prj12/DSCF8712.jpg', 'image', 6);
insert into public.project_media (project_id, src, item_type, sort_order) values ('prj12', '/images/Prj12/DSCF8734.jpg', 'image', 7);
insert into public.project_media (project_id, src, item_type, sort_order) values ('prj12', '/images/Prj12/IMG_1204.jpg', 'image', 8);
insert into public.project_media (project_id, src, item_type, sort_order) values ('prj12', '/images/Prj12/IMG_1228.jpg', 'image', 9);
insert into public.project_media (project_id, src, item_type, sort_order) values ('prj12', '/images/Prj12/IMG_1238.jpg', 'image', 10);
insert into public.project_media (project_id, src, item_type, sort_order) values ('prj12', '/images/Prj12/IMGL1682.jpg', 'image', 11);
insert into public.project_media (project_id, src, item_type, sort_order) values ('prj12', '/images/Prj12/IMGL1701.jpg', 'image', 12);
insert into public.project_media (project_id, src, item_type, sort_order) values ('prj12', '/images/Prj12/IMGL1704.jpg', 'image', 13);
insert into public.project_media (project_id, src, item_type, sort_order) values ('prj12', '/images/Prj12/IMGL1851.jpg', 'image', 14);
insert into public.project_media (project_id, src, item_type, sort_order) values ('prj12', '/images/Prj12/IMGL1902.jpg', 'image', 15);

insert into public.projects (id, title, subtitle, tag_left, tag_right, cover_src, cover_alt, media_type, sort_order, is_published) values ('prj13', 'Motion and Video Productions', 'Cinematography · Video Editing · Directing', 'Video', 'Motion', '/images/Prj13/cover.jpg', 'Motion and Video Productions', 'video', 12, true);
insert into public.project_media (project_id, src, item_type, sort_order) values ('prj13', '/images/Prj13/yea.mp4', 'video', 0);
insert into public.project_media (project_id, src, item_type, sort_order) values ('prj13', '/images/Prj13/Director_2.mp4', 'video', 1);
insert into public.project_media (project_id, src, item_type, sort_order) values ('prj13', '/images/Prj13/iWorship The Look Back.mp4', 'video', 2);
insert into public.project_media (project_id, src, item_type, sort_order) values ('prj13', '/images/Prj13/02_04110790.MP4', 'video', 3);
insert into public.project_media (project_id, src, item_type, sort_order) values ('prj13', '/images/Prj13/rehearse.mp4', 'video', 4);
insert into public.project_media (project_id, src, item_type, sort_order) values ('prj13', '/images/Prj13/revv''d up.mp4', 'video', 5);
insert into public.project_media (project_id, src, item_type, sort_order) values ('prj13', '/images/Prj13/ae animation.mp4', 'video', 6);

insert into public.projects (id, title, subtitle, tag_left, tag_right, cover_src, cover_alt, media_type, sort_order, is_published) values ('prj14', 'Drone Photo & Video', 'Photography · Video · Directing', 'Mixed', 'Media', '/images/Prj14/cover.jpg', 'Drone Photo & Video', 'mixed', 13, true);
insert into public.project_media (project_id, src, item_type, sort_order) values ('prj14', '/images/Prj14/DJI_20250406164129_0007_D.jpg', 'image', 0);
insert into public.project_media (project_id, src, item_type, sort_order) values ('prj14', '/images/Prj14/DJI_20250406170821_0014_D.jpg', 'image', 1);
insert into public.project_media (project_id, src, item_type, sort_order) values ('prj14', '/images/Prj14/DJI_20250406170904_0018_D.jpg', 'image', 2);
insert into public.project_media (project_id, src, item_type, sort_order) values ('prj14', '/images/Prj14/DJI_20250406182027_0052_D.jpg', 'image', 3);
insert into public.project_media (project_id, src, item_type, sort_order) values ('prj14', '/images/Prj14/DJI_20250406182251_0061_D.jpg', 'image', 4);

commit;
